Model,MAE,RMSE,R2
GBR Tuned,1.6823089259111883,2.122385105620093,0.9878964390500397
GBR Grid Search,1.6867506447707301,2.1267074811529016,0.9878470894685895
GBR Base,1.695936798567668,2.1395191828543125,0.9877002254095447
