Model,MAE,RMSE,R2
Linear Regression,1.646589022531164,2.0752757307005893,0.9884277875639359
Ridge Regression,1.6465900999547256,2.0752715809543774,0.9884278338437589
Lasso Regression,1.648103833799261,2.0764653044109456,0.9884145170911004
