Model,MAE,RMSE,R2
RF Base,1.9008926410579576,2.374494776128526,0.9848501888201052
RF Max Depth,1.8159016179127092,2.279143806610085,0.9860424805946639
RF Grid Search,1.810025127248214,2.2703477735150988,0.9861500068455179
