Model,MAE,RMSE,R2
DTR Grid Search,2.003232670283303,2.533156066982162,0.9827579588275048
DTR Base,2.413248945147679,3.0397391441861603,0.9751722470441835
DTR Tuned,3.030575552108527,3.769731395715953,0.9618156329366081
