Model,MAE,RMSE,R2
SVR Grid Search,1.647646514888249,2.0764978777492793,0.9884141536072379
SVR RBF,1.6805221092105587,2.1220139872008037,0.9879006715163104
SVR Base,1.8734830639084599,2.387415616468438,0.9846848644936961
