Model,MAE,RMSE,R2
MLP Grid Search,1.6474220224319405,2.076232713910015,0.9884171123883574
MLP Tuned,1.6751891726582646,2.116535973131833,0.9879630601152788
MLP Base,1.6781844958269487,2.1182330239042124,0.9879437498009248
