{
    "best_params": {
        "C": 100,
        "gamma": "scale",
        "kernel": "linear"
    },
    "cv_results": {
        "mean_fit_time": [
            3.1807114601135256,
            3.5154972076416016,
            3.0399943828582763,
            3.7063758850097654,
            3.6706869125366213,
            2.6782675266265867,
            3.4066812992095947,
            3.487205410003662,
            3.7076830863952637,
            7.578328800201416,
            4.381915950775147,
            5.488984060287476,
            6.151726627349854,
            3.2215129852294924,
            3.0846258640289306,
            8.413979005813598,
            5.17611927986145,
            3.8428040981292724,
            35.03746647834778,
            11.277870702743531,
            31.58336215019226,
            36.153662061691286,
            4.914094352722168,
            3.801502990722656,
            33.54719357490539,
            8.330211114883422,
            9.837650156021118
        ],
        "std_fit_time": [
            0.4187142865720628,
            0.39771152275425053,
            0.30219549676358975,
            0.20312465129111504,
            0.4293259091776071,
            0.266330228789022,
            0.40475058531895247,
            0.6306510401690695,
            0.2858788353961879,
            0.18144426732798727,
            0.40387214647969544,
            0.5052776127233968,
            0.4422246214270451,
            0.4277521626452362,
            0.7330711493475025,
            0.31297955084262324,
            0.5066826531529713,
            0.4299396651755626,
            0.7875155144525559,
            0.4465570491777215,
            0.9153279782229147,
            1.137889058792012,
            0.9158980186379987,
            0.5706569517015418,
            0.8016846433501557,
            1.0314981184583543,
            0.44494080267868996
        ],
        "mean_score_time": [
            0.36403465270996094,
            1.8412766933441163,
            0.36195921897888184,
            0.3755624771118164,
            1.521205520629883,
            0.40367846488952636,
            0.34330039024353026,
            1.9290500640869142,
            0.4854128360748291,
            0.31481199264526366,
            1.2451597690582275,
            0.3537150382995605,
            0.4368754386901855,
            1.5397637844085694,
            0.4315277099609375,
            0.41982669830322267,
            1.5620725631713868,
            0.4203181743621826,
            0.4371607303619385,
            1.7357535362243652,
            0.5338051795959473,
            0.4097325801849365,
            1.7950278759002685,
            0.4743845462799072,
            0.2235875606536865,
            1.7021112442016602,
            0.4515258312225342
        ],
        "std_score_time": [
            0.090381596032733,
            0.3715906004371198,
            0.053871537057990825,
            0.053479282347335816,
            0.17061407274269816,
            0.07253896406088362,
            0.07673514019463454,
            0.18554827491577622,
            0.06376456287792097,
            0.027186394782562615,
            0.1892122052487554,
            0.03070877674393815,
            0.112644142197724,
            0.25727492822336806,
            0.04592927491375305,
            0.05333095560685305,
            0.21634384941628992,
            0.05610390466862094,
            0.09072592086004187,
            0.12313229398557989,
            0.11469024200824535,
            0.05308101906613097,
            0.38764788710834647,
            0.068985293830783,
            0.03791476042745277,
            0.027768735380545903,
            0.09441665165968229
        ],
        "param_C": [
            1,
            1,
            1,
            1,
            1,
            1,
            1,
            1,
            1,
            10,
            10,
            10,
            10,
            10,
            10,
            10,
            10,
            10,
            100,
            100,
            100,
            100,
            100,
            100,
            100,
            100,
            100
        ],
        "param_gamma": [
            "scale",
            "scale",
            "scale",
            0.01,
            0.01,
            0.01,
            0.1,
            0.1,
            0.1,
            "scale",
            "scale",
            "scale",
            0.01,
            0.01,
            0.01,
            0.1,
            0.1,
            0.1,
            "scale",
            "scale",
            "scale",
            0.01,
            0.01,
            0.01,
            0.1,
            0.1,
            0.1
        ],
        "param_kernel": [
            "linear",
            "rbf",
            "poly",
            "linear",
            "rbf",
            "poly",
            "linear",
            "rbf",
            "poly",
            "linear",
            "rbf",
            "poly",
            "linear",
            "rbf",
            "poly",
            "linear",
            "rbf",
            "poly",
            "linear",
            "rbf",
            "poly",
            "linear",
            "rbf",
            "poly",
            "linear",
            "rbf",
            "poly"
        ],
        "params": [
            {
                "C": 1,
                "gamma": "scale",
                "kernel": "linear"
            },
            {
                "C": 1,
                "gamma": "scale",
                "kernel": "rbf"
            },
            {
                "C": 1,
                "gamma": "scale",
                "kernel": "poly"
            },
            {
                "C": 1,
                "gamma": 0.01,
                "kernel": "linear"
            },
            {
                "C": 1,
                "gamma": 0.01,
                "kernel": "rbf"
            },
            {
                "C": 1,
                "gamma": 0.01,
                "kernel": "poly"
            },
            {
                "C": 1,
                "gamma": 0.1,
                "kernel": "linear"
            },
            {
                "C": 1,
                "gamma": 0.1,
                "kernel": "rbf"
            },
            {
                "C": 1,
                "gamma": 0.1,
                "kernel": "poly"
            },
            {
                "C": 10,
                "gamma": "scale",
                "kernel": "linear"
            },
            {
                "C": 10,
                "gamma": "scale",
                "kernel": "rbf"
            },
            {
                "C": 10,
                "gamma": "scale",
                "kernel": "poly"
            },
            {
                "C": 10,
                "gamma": 0.01,
                "kernel": "linear"
            },
            {
                "C": 10,
                "gamma": 0.01,
                "kernel": "rbf"
            },
            {
                "C": 10,
                "gamma": 0.01,
                "kernel": "poly"
            },
            {
                "C": 10,
                "gamma": 0.1,
                "kernel": "linear"
            },
            {
                "C": 10,
                "gamma": 0.1,
                "kernel": "rbf"
            },
            {
                "C": 10,
                "gamma": 0.1,
                "kernel": "poly"
            },
            {
                "C": 100,
                "gamma": "scale",
                "kernel": "linear"
            },
            {
                "C": 100,
                "gamma": "scale",